{
  "maheshwar": {
    "password": "mahii",
    "pattern": [
      0.08303999999985098,
      0.19307999999988823,
      0.11004000000003725,
      0.08324000000003724,
      0.46144000000022356,
      0.3782000000001863,
      0.07444000000003725,
      0.5217000000001862,
      0.44726000000014904,
      0.05841999999973922,
      0.12875999999977647,
      0.07034000000003725,
      0.06399999999999999
    ],
    "sample_count": 5,
    "registered_at": 1775741954.0219646
  },
  "kishore": {
    "password": "kishore@123",
    "pattern": [
      0.08456000000033527,
      0.18945999999996274,
      0.10489999999962747,
      0.08134000000003724,
      0.21938000000026076,
      0.1380400000002235,
      0.09819999999981374,
      0.27295999999996273,
      0.17476000000014902,
      0.08129999999981373,
      0.36915999999977644,
      0.28785999999996276,
      0.09336000000033527,
      0.44551999999992553,
      0.3521599999995902,
      0.07924000000040979,
      0.15488000000026075,
      0.075639999999851,
      0.07667999999988824,
      0.5085800000000745,
      0.43190000000018625,
      0.42577999999988825,
      0.25469999999981374,
      -0.1710800000000745,
      0.12135999999996275,
      0.3825800000000745,
      0.26122000000011175,
      0.1063199999999255,
      0.364839999999851,
      0.25851999999992553,
      0.11572000000011176,
      0.2160600000003353,
      0.10034000000022351,
      0.08647999999988824
    ],
    "sample_count": 5,
    "registered_at": 1775743846.8211887
  },
  "karthi": {
    "password": "67890",
    "pattern": [
      0.08022000000011177,
      0.2718,
      0.19157999999988826,
      0.08803999999994414,
      0.2869200000000186,
      0.1988800000000745,
      0.09230000000000001,
      0.2635,
      0.17120000000000002,
      0.07877999999998136,
      0.2883200000001117,
      0.20954000000013034,
      0.07827999999998138
    ],
    "sample_count": 5,
    "registered_at": 1777006059.9089413
  }
}